,Rank,Series_Name,Release_year,Duration,Genre,Star,Licence,No_of_votes,Rating
0,1,Euphoria,2019,55 m,Drama,"Zendaya,",18+,"135,017",8.5
1,2,Peaky Blinders,2013,60 m,"Crime,",Cillian,18+,"462,470",8.8
2,3,The Walking Dead,2010,44 m,"Drama,",Andrew,A,"934,191",8.3
3,4,The Marvelous Mrs Maisel,2017,57 m,"Comedy,",Rachel,18+,"102,267",8.7
4,5,Vikings,2013,44 m,"Action,",Katheryn,18+,"497,689",8.6
5,6,Yellowstone,2018,60 m,"Drama,",Kevin,18+,"102,520",8.9
6,7,Shingeki no Kyojin,2013,24 m,"Animation,",Yûki,16+,"330,041",9.1
7,8,The Righteous Gemstones,2019,36 m,"Comedy,",John,18+,"26,885",8.1
8,9,Ozark,2017,60 m,"Crime,",Jason,A,"258,724",8.5
9,10,Killing Eve,2018,42 m,"Action,",Jodie,18+,"105,644",8.2
10,11,Game of Thrones,2011,57 m,"Action,",Emilia,18,"1,960,998",9.3
11,12,The Last Kingdom,2015,60 m,"Action,",Eliza,18+,"108,628",8.5
12,13,Succession,2018,60 m,Drama,Nicholas,13,"119,365",8.8
13,14,Star Trek Discovery,2017,60 m,"Action,",Doug,18+,"113,987",7.1
14,15,Outlander,2014,60 m,"Drama,",Caitriona,A,"146,945",8.5
15,16,Stranger Things,2016,1945 i,"Drama,",Millie,18+,"969,711",8.7
16,17,This Is Us,2016,51 m,"Comedy,",Milo,16+,"128,045",8.7
17,18,The Blacklist,2013,45 m,"Crime,",James,18+,"233,767",8.1
18,19,The Witcher,2019,43 m,"Action,",Henry,15+,"457,334",8.3
19,20,Billions,2016,60 m,Drama,Paul,18+,"88,691",8.4
20,21,Better Call Saul,2015,60 m,"Crime,",Bob,A,"382,870",8.8
21,22,The Rookie,2018,46 m,"Crime,",Nathan,18+,"33,049",8.1
22,23,The Mandalorian,2019,43 m,"Action,",Pedro,18+,"412,294",8.8
23,24,Chicago Fire,2012,40 m,"Action,",Taylor,18+,"53,292",8.2
24,25,The Boys,2019,43 m,"Action,",Karl,15+,"349,507",8.7
25,26,Young Sheldon,2017,60 m,Comedy,Iain,18+,"51,560",7.6
26,27,Downton Abbey,2010,30 m,"Drama,",Hugh,15+,"193,765",8.8
27,28,Brooklyn Nine Nine,2013,58 m,"Comedy,",Andy,18+,"286,838",8.5
28,29,Demon Slayer Kimetsu No Yaiba,2019,22 m,"Animation,",Natsuki,A,"82,241",8.8
29,30,Shameless,2011,24 m,"Comedy,",Emmy,18+,"227,048",8.6
30,31,The Sinner,2017,46 m,"Crime,",Bill,15,"114,746",7.9
31,32,Black Mirror,2011,45 m,"Drama,",Daniel,18+,"507,451",8.8
32,33,Sluga naroda,2015,60 m,Comedy,Volodymyr,16,"1,260",7.1
33,34,Death in Paradise,2011,60 m,"Comedy,",Elizabeth,18+,"19,340",7.9
34,35,Rick and Morty,2013,23 m,"Animation,",Justin,16+,"464,391",9.2
35,36,Suits,2011,44 m,"Comedy,",Gabriel,18+,"391,333",8.5
36,37,Cobra Kai,2018,30 m,"Action,",Ralph,15+,"160,827",8.6
37,38,Blue Bloods,2010,43 m,"Crime,",Donnie,18+,"37,854",7.8
38,39,The Expanse,2015,60 m,"Drama,",Steven,16+,"143,464",8.6
39,40,Daredevil,2015,54 m,"Action,",Charlie,18+,"411,925",8.7
40,41,The Good Doctor,2017,41 m,Drama,Freddie,UA 16+,"86,186",8.2
41,42,The Flash,2014,43 m,"Action,",Grant,18+,"333,628",7.7
42,43,American Horror Story,2011,60 m,"Drama,",Lady,U,"305,434",8.1
43,44,Manifest,2018,43 m,"Drama,",Melissa,18+,"48,847",7.2
44,45,Westworld,2016,62 m,"Drama,",Evan,16,"468,947",8.6
45,46,Legends of Tomorrow,2016,42 m,"Action,",Caity,18+,"101,482",6.9
46,47,After Life,2019,30 m,"Comedy,",Ricky,18+,"123,696",8.5
47,48,Lucifer,2016,42 m,"Crime,",Tom,18+,"305,008",8.2
48,49,La casa de papel,2017,70 m,"Action,",Úrsula,U,"448,988",8.3
49,50,A Discovery of Witches,2018,60 m,"Drama,",Matthew,18+,"49,104",8.0
50,51,Sex Education,2019,45 m,"Comedy,",Asa,7+,"252,738",8.4
51,52,Chicago P D,2014,43 m,"Action,",Jason,18+,"35,561",8.2
52,53,Snowfall,2017,44 m,"Crime,",Damson,13+,"15,825",8.2
53,54,The Crown,2016,58 m,"Biography,",Claire,18+,"187,860",8.7
54,55,Fargo,2014,53 m,"Crime,",Billy,16,"358,651",8.9
55,56,The Handmaid s Tale,2017,60 m,"Drama,",Elisabeth,18+,"213,582",8.4
56,57,True Detective,2014,55 m,"Crime,",Vince,18+,"540,160",8.9
57,58,S W A T,2017,43 m,"Action,",Shemar,18+,"21,002",7.2
58,59,Chicago Med,2015,43 m,Drama,Nick,18,"23,387",7.8
59,60,Jack Ryan,2018,60 m,"Action,",John,18+,"108,318",8.1
60,61,Titans I,2018,45 m,"Action,",Brenton,A,"94,104",7.7
61,62,New Girl,2011,22 m,"Comedy,",Zooey,18+,"213,593",7.8
62,63,Justified,2010,44 m,"Action,",Timothy,16+,"96,007",8.6
63,64,You,2018,45 m,"Crime,",Penn,18+,"221,939",7.8
64,65,Traces,2019,45 m,"Crime,",Laura,13+,"4,180",7.0
65,66,Servant,2019,30 m,"Drama,",Lauren,18+,"30,549",7.5
66,67,Legacies,2018,45 m,"Adventure,",Danielle,A,"27,808",7.5
67,68,Gotham,2014,42 m,"Action,",Ben,18+,"223,437",7.9
68,69,Better Things,2016,22 m,"Comedy,",Pamela,16+,"14,080",7.8
69,70,Superstore,2015,22 m,Comedy,Ben,18+,"50,799",7.9
70,71,L amica geniale,2018,60 m,Drama,Alba,18+,"12,796",8.6
71,72,Sherlock,2010,88 m,"Crime,",Benedict,18+,"882,159",9.1
72,73,The Morning Show I,2019,60 m,Drama,Jennifer,15+,"92,268",8.3
73,74,Schitt s Creek,2015,22 m,Comedy,Eugene,18+,"109,507",8.6
74,75,Dollface,2019,29 m,Comedy,Kat,12+,"7,989",7.5
75,76,The,100,43 m,"Drama,",Eliza,18+,"239,698",7.7
76,77,The Umbrella Academy,2019,60 m,"Action,",Elliot,A,"197,185",8.0
77,78,Bob s Burgers,2011,22 m,"Animation,",H.,18+,"75,263",8.2
78,79,SEAL Team,2017,43 m,"Action,",David,16,"23,025",7.8
79,80,,9,43 m,"Action,",Angela,18+,"30,346",7.9
80,81,New Amsterdam,2018,43 m,Drama,Ryan,A,"34,835",8.1
81,82,Magnum P I,2018,43 m,"Action,",Jay,18+,"11,963",6.0
82,83,A Million Little Things,2018,43 m,"Comedy,",David,A,"12,335",8.0
83,84,The Resident,2018,60 m,Drama,Matt,18+,"24,794",7.9
84,85,Homeland,2011,55 m,"Crime,",Claire,18,"333,046",8.4
85,86,Dirty John,2018,44 m,"Crime,",Connie,18+,"20,646",7.3
86,87,The Punisher,2017,53 m,"Action,",Jon,15,"215,676",8.5
87,88,Mr Robot,2015,49 m,"Crime,",Rami,18+,"369,622",8.6
88,89,Dark,2017,60 m,"Crime,",Louis,16+,"347,646",8.8
89,90,Bull,2016,60 m,"Comedy,",Michael,18+,"18,475",7.1
90,91,Orange Is the New Black,2013,59 m,"Comedy,",Taylor,15+,"293,486",8.1
91,92,Raising Dion,2019,50 m,"Drama,",Alisha,18+,"13,676",7.2
92,93,The Goldbergs,2013,22 m,Comedy,Wendi,A,"36,004",8.1
93,94,Station,19,60 m,"Action,",Jaina,18+,"13,249",6.9
94,95,Arrow,2012,19 i,"Action,",Stephen,18,"423,845",7.7
95,96,Fear the Walking Dead,2015,42 m,"Drama,",Kim,18+,"125,060",6.9
96,97,Bosch,2014,44 m,"Crime,",Titus,16+,"63,007",8.5
97,98,Agents of S H I E L D,2013,51 m,"Action,",Clark,18+,"212,171",7.6
98,99,Hawaii Five,0,45 m,"Action,",Alex,16+,"71,750",7.5
99,100,What We Do in the Shadows,2019,42 m,"Comedy,",Kayvan,18+,"62,468",8.6
100,101,The Good Place,2016,30 m,"Comedy,",Kristen,A,"144,408",8.2
101,102,Once Upon a Time,2011,22 m,"Adventure,",Ginnifer,18+,"218,984",7.9
102,103,Riverdale,2017,60 m,"Crime,",Lili,A,"137,457",6.8
103,104,Disenchantment,2018,45 m,"Animation,",Abbi,18+,"57,155",7.3
104,105,Mindhunter,2017,30 m,"Crime,",Jonathan,16,"262,898",8.6
105,106,Endeavour,2012,60 m,"Crime,",Shaun,18+,"23,970",8.6
106,107,The Americans,2013,89 m,"Crime,",Keri,UA 16+,"95,021",8.4
107,108,Call the Midwife,2012,44 m,"Drama,",Vanessa,18+,"24,843",8.6
108,109,FBI,2018,60 m,"Action,",Missy,16+,"15,576",7.0
109,110,Batwoman,2019,60 m,"Action,",Camrus,18+,"41,874",3.5
110,111,Power I,2014,45 m,"Crime,",Omari,A,"44,531",8.2
111,112,Vera,2011,50 m,"Crime,",Brenda,18+,"13,256",8.1
112,113,Letterkenny,2016,90 m,Comedy,Michelle,15+,"20,452",8.8
113,114,House of Cards,2013,30 m,Drama,Kevin,18+,"491,211",8.7
114,115,See,2019,51 m,"Action,",Jason,16+,"70,083",7.7
115,116,Shakespeare Hathaway Private Investigators,2018,60 m,"Comedy,",Mark,18+,"3,643",7.6
116,117,Line of Duty,2012,45 m,"Crime,",Martin,A,"54,360",8.7
117,118,Pretty Little Liars,2010,60 m,"Drama,",Troian,18+,"161,780",7.6
118,119,Father Brown,2013,44 m,"Crime,",Mark,UA,"10,772",7.8
119,120,Lost in Space,2018,52 m,"Adventure,",Molly,18+,"95,537",7.4
120,121,Longmire,2012,60 m,"Action,",Robert,18+,"33,793",8.4
121,122,BoJack Horseman,2014,60 m,"Animation,",Will,18+,"139,865",8.8
122,123,Teen Wolf,2011,25 m,"Action,",Tyler,13,"141,018",7.9
123,124,Atlanta,2016,41 m,"Comedy,",Donald,18+,"62,329",8.6
124,125,Narcos,2015,30 m,"Biography,",Pedro,UA,"399,621",8.8
125,126,How to Get Away with Murder,2014,49 m,"Crime,",Viola,18+,"144,934",8.2
126,127,Ray Donovan,2013,43 m,"Crime,",Liev,15+,"84,556",8.3
127,128,Sanditon,2019,60 m,"Drama,",Crystal,18+,"10,679",7.8
128,129,All American,2018,60 m,"Drama,",Daniel,18+,"9,837",7.8
129,130,Banshee,2013,45 m,"Action,",Antony,18+,"97,170",8.5
130,131,The Originals,2013,60 m,"Drama,",Joseph,A,"130,072",8.4
131,132,Virgin River,2019,45 m,"Drama,",Martin,18+,"33,969",7.5
132,133,Ghosts,2019,44 m,"Comedy,",Lolly,16+,"13,254",8.3
133,134,Doom Patrol,2019,30 m,"Action,",Diane,18+,"49,037",7.9
134,135,Boardwalk Empire,2010,60 m,"Crime,",Steve,U,"183,628",8.6
135,136,Toy Boy,2019,55 m,"Action,",Jesús,18+,"7,090",6.6
136,137,Big Little Lies,2017,60 m,"Crime,",Reese,16,"185,384",8.5
137,138,The Orville,2017,44 m,"Adventure,",Seth,18+,"67,957",8.0
138,139,The Fall I,2013,60 m,"Crime,",Gillian,12+,"100,027",8.2
139,140,Person of Interest,2011,43 m,"Action,",Jim,18+,"171,899",8.5
140,141,Top Boy,2011,60 m,"Crime,",Ashley,13,"17,008",8.4
141,142,Spartacus Blood and Sand,2010,55 m,"Action,",Andy,18+,"235,664",8.6
142,143,Mom,2013,30 m,"Comedy,",Allison,15+,"33,693",7.4
143,144,Jessica Jones,2015,56 m,"Action,",Krysten,18+,"207,195",7.9
144,145,Elementary,2012,60 m,"Crime,",Jonny,UA,"108,367",7.9
145,146,Designated Survivor,2016,60 m,"Action,",Kiefer,18+,"86,803",7.5
146,147,For All Mankind,2019,60 m,"Drama,",Joel,16,"29,085",7.9
147,148,Fleabag,2016,27 m,"Comedy,",Phoebe,18+,"135,226",8.7
148,149,Reasons Why,13,60 m,"Drama,",Dylan,A,"279,554",7.6
149,150,The Leftovers,2014,60 m,"Drama,",Justin,18+,"92,475",8.4
150,151,Boku no h r akademia,2016,24 m,"Animation,",Daiki,16+,"54,189",8.5
151,152,When Calls the Heart,2014,43 m,"Drama,",Erin,18+,"12,372",8.2
152,153,The OA,2016,60 m,"Drama,",Brit,16+,"100,596",7.9
153,154,Dead to Me,2019,30 m,"Comedy,",Luke,18+,"71,323",8.0
154,155,Barry,2018,30 m,"Action,",Bill,16,"58,911",8.3
155,156,Hannibal,2013,44 m,"Crime,",Hugh,18+,"245,567",8.6
156,157,Luther,2010,60 m,"Crime,",Idris,18+,"132,539",8.5
157,158,Euphoria,2012,52 m,Drama,Roni,18+,209,6.0
158,159,Supergirl,2015,43 m,"Action,",Melissa,13+,"121,114",6.3
159,160,Taboo,2017,59 m,"Drama,",Tom,18+,"124,962",8.4
160,161,Scandal,2012,43 m,"Drama,",Kerry,A,"71,688",7.8
161,162,His Dark Materials,2019,60 m,"Adventure,",Dafne,18+,"60,825",7.9
162,163,Goliath,2016,60 m,Drama,Billy,16+,"45,848",8.2
163,164,Animal Kingdom,2016,60 m,"Crime,",Shawn,18+,"32,649",8.2
164,165,The Chosen,2017,54 m,"Drama,",Elizabeth,18,"24,316",9.6
165,166,Altered Carbon,2018,60 m,"Action,",Chris,18+,"159,246",8.0
166,167,Star Wars Rebels,2014,22 m,"Animation,",Dave,16+,"38,868",8.0
167,168,Narcos M xico,2018,50 m,"Crime,",Scoot,18+,"79,805",8.4
168,169,The Man in the High Castle,2015,60 m,"Drama,",Alexa,16,"97,297",8.0
169,170,Shetland,2013,60 m,"Crime,",Douglas,18+,"16,355",8.3
170,171,Grimm,2011,45 m,"Crime,",David,15+,"116,305",8.0
171,172,Search Party,2016,24 m,"Comedy,",Alia,18+,"10,389",7.7
172,173,The Bay,2019,45 m,"Crime,",Daniel,13+,"7,050",7.1
173,174,Hanna,2019,60 m,"Action,",Esme,18+,"36,519",7.6
174,175,lite,2018,60 m,"Crime,",Itzan,16+,"69,354",7.5
175,176,Wu Assassins,2019,44 m,"Action,",Iko,18+,"12,521",6.5
176,177,Good Girls,2018,43 m,"Comedy,",Christina,13+,"47,807",7.8
177,178,Jane the Virgin,2014,60 m,Comedy,Gina,18+,"46,625",8.0
178,179,Two Sentence Horror Stories,2017,20 m,"Drama,",Lauri,18+,"1,697",5.5
179,180,Big Mouth,2017,30 m,"Animation,",Nick,18+,"72,807",8.0
180,181,Silicon Valley,2014,28 m,Comedy,Thomas,16+,"141,805",8.5
181,182,Reign,2013,42 m,"Drama,",Adelaide,18+,"47,935",7.6
182,183,American Crime Story,2016,42 m,"Biography,",Sarah,15+,"92,913",8.4
183,184,Carnival Row,2019,56 m,"Crime,",Jamie,18+,"57,623",7.9
184,185,Pennyworth,2019,60 m,"Action,",Jack,16,"12,886",7.9
185,186,Miraculous Tales of Ladybug Cat Noir,2015,20 m,"Animation,",Cristina,18+,"10,216",7.9
186,187,NCIS New Orleans,2014,42 m,"Action,",Scott,18,"17,637",6.9
187,188,The Good Fight,2017,45 m,"Crime,",Christine,18+,"25,314",8.4
188,189,Last Man Standing,2011,30 m,Comedy,Tim,16+,"33,103",7.6
189,190,Britannia,2017,60 m,"Action,",David,18+,"15,447",6.9
190,191,Black Sails,2014,56 m,"Action,",Jessica,16+,"100,838",8.3
191,192,Gomorra La serie,2014,55 m,"Crime,",Salvatore,18+,"37,602",8.7
192,193,Why Women Kill,2019,50 m,"Comedy,",Jack,16,"21,454",8.4
193,194,Queen of the South,2016,42 m,"Action,",Alice,18+,"26,511",8.1
194,195,Blindspot,2015,42 m,"Action,",Sullivan,A,"71,880",7.4
195,196,The Killing,2011,45 m,"Crime,",Mireille,18+,"107,868",8.3
196,197,Adventure Time,2010,11 m,"Animation,",John,7,"88,244",8.7
197,198,Hunter x Hunter,2011,24 m,"Animation,",Issei,18+,"84,428",9.0
198,199,Anne,2017,60 m,"Drama,",Amybeth,18+,"49,511",8.7
199,200,Grace and Frankie,2015,30 m,Comedy,Jane,18+,"46,467",8.3
200,201,Good Omens,2019,328 m,"Comedy,",David,18,"71,390",8.1
201,202,Veep,2012,28 m,Comedy,Julia,18+,"52,315",8.4
202,203,The Ranch,2016,30 m,"Comedy,",Ashton,A,"37,348",7.6
203,204,Black Clover,2017,24 m,"Animation,",Dallas,18+,"18,624",8.6
204,205,MacGyver,2016,43 m,"Action,",Lucas,18+,"20,531",5.5
205,206,JoJo no kimy na b ken,2012,30 m,"Animation,",Matthew,18+,"19,166",8.5
206,207,The Conners,2018,30 m,Comedy,John,18,"9,944",5.4
207,208,Blue Mountain State,2010,22 m,"Comedy,",Darin,18+,"52,350",8.4
208,209,Poldark,2015,60 m,"Drama,",Aidan,18,"30,037",8.3
209,210,Gravity Falls,2012,23 m,"Animation,",Jason,18+,"94,454",8.9
210,211,Mayans M C,2018,60 m,"Crime,",Sarah,16+,"15,941",7.6
211,212,Agatha Raisin,2014,60 m,"Comedy,",Ashley,18+,"4,504",7.3
212,213,Rizzoli Isles,2010,60 m,"Crime,",Angie,13+,"32,681",7.7
213,214,Revenge,2011,44 m,"Drama,",Madeleine,18+,"118,170",8.0
214,215,The Magicians,2015,60 m,"Drama,",Stella,18,"48,914",7.6
215,216,Dynasty,2017,42 m,Drama,Elizabeth,18+,"20,694",7.4
216,217,iZombie,2015,42 m,"Comedy,",Rose,A,"65,729",7.9
217,218,Bron Broen,2011,60 m,"Crime,",Sofia,18+,"66,231",8.7
218,219,Wentworth,2013,45 m,"Crime,",Kate,18,"21,462",8.7
219,220,Travelers,2016,45 m,"Drama,",Eric,18+,"53,602",8.1
220,221,Scream,2015,45 m,"Comedy,",Willa,15+,"39,482",7.1
221,222,Black ish,2014,22 m,Comedy,Anthony,18+,"22,326",7.2
222,223,Sense,8,60 m,"Drama,",Bae,12+,"150,321",8.3
223,224,Bloodline,2015,60 m,"Drama,",Kyle,18+,"49,846",7.9
224,225,Grantchester,2014,45 m,"Crime,",Robson,18,"13,037",8.0
225,226,Kingdom,2019,45 m,"Action,",Ju,18+,"42,697",8.4
226,227,Mr Inbetween,2018,30 m,"Crime,",Scott,16,"14,743",8.6
227,228,Fuller House,2016,30 m,"Comedy,",Jodie,18+,"26,910",6.9
228,229,Happy Endings,2011,22 m,"Comedy,",Eliza,18+,"37,685",7.8
229,230,Formula Drive to Survive,1,40 m,"Documentary,",Lewis,18+,"32,977",8.7
230,231,The End of the F ing World,2017,25 m,"Adventure,",Jessica,16+,"174,163",8.1
231,232,American Gods,2017,60 m,"Drama,",Ricky,18+,"83,612",7.7
232,233,Scorpion,2014,43 m,"Action,",Elyes,16+,"51,951",7.2
233,234,One Punch Man Wanpanman,2015,24 m,"Animation,",Makoto,18+,"144,779",8.8
234,235,Girls,2012,28 m,"Comedy,",Lena,18,"70,070",7.3
235,236,Vice Principals,2016,30 m,Comedy,Danny,18+,"25,003",8.0
236,237,Borgen,2010,58 m,Drama,Sidse,16+,"23,061",8.5
237,238,Russian Doll,2019,30 m,"Adventure,",Natasha,18+,"80,441",7.8
238,239,Derry Girls,2018,30 m,Comedy,Saoirse-Monica,16+,"28,451",8.4
239,240,Unforgotten,2015,45 m,"Crime,",Sanjeev,18+,"20,917",8.3
240,241,Shadowhunters The Mortal Instruments,2016,42 m,"Action,",Katherine,A,"60,202",6.8
241,242,Merl Sapere Aude,2019,60 m,Drama,Carlos,18+,"1,415",7.6
242,243,Chilling Adventures of Sabrina,2018,60 m,"Drama,",Kiernan,18+,"88,958",7.5
243,244,Legion,2017,44 m,"Action,",Dan,18+,"88,227",8.2
244,245,StartUp,2016,48 m,"Crime,",Adam,16+,"27,982",7.9
245,246,Broadchurch,2013,42 m,"Crime,",David,18+,"107,945",8.4
246,247,Evil,2019,30 m,"Crime,",Katja,A,"20,854",7.7
247,248,Dickinson,2019,60 m,"Biography,",Hailee,18+,"12,575",7.6
248,249,The Curse of Oak Island,2014,60 m,"Documentary,",Robert,16,"5,314",6.9
249,250,Warrior,2019,15 m,"Action,",Andrew,18+,"24,293",8.4
250,251,Love Death Robots,2019,70 m,"Animation,",Scott,13,"132,559",8.5
251,252,Sa rang eui bul sa chak,2019,23 m,"Adventure,",Hyun,18+,"23,378",8.8
252,253,Harley Quinn,2019,60 m,"Animation,",Kaley,A,"22,171",8.5
253,254,Victoria,2016,22 m,"Biography,",Jenna,18+,"25,970",8.2
254,255,Younger,2015,45 m,"Comedy,",Sutton,18,"22,412",7.9
255,256,Good Trouble,2019,22 m,"Comedy,",Cierra,18+,"6,217",7.6
256,257,Miracle Workers,2019,22 m,"Comedy,",Daniel,15+,"13,461",7.1
257,258,Broke Girls,2,45 m,Comedy,Kat,18+,"95,577",6.7
258,259,The Bold Type,2017,55 m,"Comedy,",Katie,A,"19,636",7.9
259,260,The Newsroom,2012,23 m,Drama,Jeff,18+,"112,270",8.6
260,261,High School DxD,2012,45 m,"Animation,",Yûki,18,"9,605",7.8
261,262,Madam Secretary,2014,7 m,"Drama,",Téa,18+,"22,201",7.7
262,263,Bluey,2018,60 m,"Animation,",David,12+,"6,035",9.7
263,264,Parenthood,2010,60 m,"Comedy,",Peter,18+,"34,088",8.3
264,265,The Good Karma Hospital,2017,42 m,Drama,Amanda,UA,"2,091",7.9
265,266,In the Dark,2019,43 m,"Action,",Perry,18+,"10,882",7.7
266,267,Charmed,2018,23 m,"Drama,",Melonie,12+,"15,698",4.7
267,268,Castlevania,2017,23 m,"Animation,",Richard,18+,"59,773",8.3
268,269,Young Justice,2010,23 m,"Animation,",Nolan,18+,"38,389",8.7
269,270,Boruto Naruto Next Generations,2017,43 m,"Animation,",Yûko,18+,"18,777",7.3
270,271,Another Life,2019,45 m,"Adventure,",Katee,18,"34,663",5.3
271,272,Strike Back,2010,32 m,"Action,",Philip,18+,"31,210",8.2
272,273,Modern Love,2019,22 m,"Comedy,",Anne,16+,"30,782",8.0
273,274,Kim s Convenience,2016,60 m,Comedy,Paul,18+,"16,824",8.3
274,275,Medici,2016,180 m,"Biography,",Daniel,UA 7+,"18,239",7.9
275,276,Critical Role,2015,30 m,"Adventure,",Matthew,18+,"8,543",9.4
276,277,Santa Clarita Diet,2017,49 m,"Comedy,",Drew,18+,"64,187",7.9
277,278,War of the Worlds,2019,30 m,"Drama,",Léa,18+,"12,194",6.3
278,279,The Kominsky Method,2018,60 m,"Comedy,",Michael,18+,"38,080",8.2
279,280,The Affair,2014,50 m,Drama,Dominic,18+,"44,283",7.9
280,281,A Series of Unfortunate Events,2017,55 m,"Adventure,",Neil,18,"58,637",7.8
281,282,Luke Cage,2016,22 m,"Action,",Mike,18+,"126,257",7.3
282,283,Workaholics,2011,30 m,Comedy,Blake,16,"50,155",8.2
283,284,Hot in Cleveland,2010,45 m,Comedy,Valerie,18+,"14,207",7.4
284,285,Bates Motel,2013,60 m,"Drama,",Vera,16,"104,540",8.2
285,286,Twin Peaks,2017,60 m,"Crime,",Kyle,18+,"64,526",8.5
286,287,The Deuce,2017,55 m,Drama,James,18+,"27,893",8.1
287,288,Iron Fist,2017,60 m,"Action,",Finn,18+,"125,782",6.5
288,289,Shooter,2016,45 m,"Action,",Ryan,16+,"35,016",7.5
289,290,Marcella,2016,60 m,"Crime,",Anna,18+,"29,767",7.4
290,291,Masters of Sex,2013,50 m,"Drama,",Michael,16,"36,334",7.9
291,292,Badehotellet,2013,60 m,"Comedy,",Amalie,18+,"2,600",7.8
292,293,Penny Dreadful,2014,27 m,"Drama,",Josh,18,"118,851",8.2
293,294,The Girlfriend Experience,2016,60 m,Drama,Riley,18+,"10,429",7.0
294,295,Castle Rock,2018,50 m,"Drama,",Bill,18+,"43,631",7.6
295,296,Love,2016,60 m,"Comedy,",Gillian,18+,"41,218",7.7
296,297,Hart of Dixie,2011,42 m,"Comedy,",Rachel,15+,"51,434",7.9
297,298,Into the Badlands,2015,55 m,"Action,",Daniel,18+,"45,284",8.0
298,299,Godfather of Harlem,2019,50 m,"Crime,",Forest,16,"12,474",8.1
299,300,Undercover,2019,45 m,"Crime,",Tom,18+,"16,417",7.9
300,301,Hudson Rex,2019,58 m,"Crime,",John,18,"1,882",7.2
301,302,Happy Valley,2014,24 m,"Crime,",Sarah,18+,"37,940",8.5
302,303,Vinland Saga,2019,44 m,"Animation,",Ryan,18+,"28,660",8.8
303,304,Nancy Drew,2019,30 m,"Drama,",Kennedy,18+,"7,949",6.6
304,305,Atypical,2017,120 m,"Comedy,",Jennifer,7,"81,974",8.3
305,306,Dirilis Ertugrul,2014,60 m,"Action,",Engin,18+,"34,974",8.4
306,307,Strike,2017,26 m,"Crime,",Tom,18,"13,773",7.9
307,308,Mrs Brown s Boys,2011,30 m,Comedy,Brendan,18+,"8,342",7.2
308,309,Tacoma FD,2019,60 m,Comedy,Kevin,12+,"5,078",8.1
309,310,Timeless,2016,60 m,"Action,",Abigail,18+,"41,390",7.7
310,311,The Terror,2018,48 m,"Adventure,",Jared,18,"43,174",7.9
311,312,Good Witch,2015,30 m,"Comedy,",Catherine,18+,"10,201",7.4
312,313,Mike Molly,2010,25 m,Comedy,Billy,A,"25,253",6.5
313,314,Alexa Katie,2018,49 m,"Comedy,",Paris,18+,"4,494",7.5
314,315,Wu Tang An American Saga,2019,35 m,"Biography,",Ashton,16,"6,608",8.4
315,316,GLOW,2017,30 m,"Comedy,",Alison,18+,"44,613",8.0
316,317,The Neighborhood I,2018,23 m,Comedy,Cedric,18,"6,705",6.5
317,318,The Legend of Korra,2012,30 m,"Animation,",Janet,18+,"116,015",8.5
318,319,Insecure,2016,60 m,"Comedy,",Issa,16,"17,615",8.0
319,320,Preacher,2016,60 m,"Adventure,",Dominic,18+,"72,778",8.0
320,321,Mr Mercedes,2017,42 m,"Crime,",Brendan,16,"20,578",7.8
321,322,Agent Carter,2015,60 m,"Action,",Hayley,18+,"80,249",7.9
322,323,The Alienist,2018,43 m,"Crime,",Daniel,16,"52,039",7.7
323,324,Major Crimes,2012,43 m,"Action,",Mary,18+,"13,702",7.8
324,325,The Strain,2014,30 m,"Drama,",Corey,16,"79,492",7.4
325,326,Unbreakable Kimmy Schmidt,2015,22 m,Comedy,Ellie,18+,"69,348",7.6
326,327,The Last Man on Earth,2015,43 m,"Action,",Will,UA 16+,"57,220",7.4
327,328,Nashville,2012,42 m,"Drama,",Hayden,18+,"24,992",7.8
328,329,Hell on Wheels,2011,30 m,"Drama,",Anson,12+,"50,796",8.3
329,330,Workin Moms,2017,60 m,"Comedy,",Catherine,18+,"14,808",7.8
330,331,Frontier,2016,21 m,"Adventure,",Jason,18+,"20,231",7.2
331,332,A P Bio,2018,60 m,Comedy,Glenn,18+,"14,061",7.5
332,333,The Last Ship,2014,60 m,"Action,",Eric,13,"57,413",7.5
333,334,Counterpart,2017,60 m,"Drama,",J.K.,18+,"25,851",8.1
334,335,Marco Polo,2014,42 m,"Action,",Lorenzo,18,"70,555",8.0
335,336,Colony,2016,60 m,"Action,",Josh,18+,"35,163",7.4
336,337,The Fosters,2013,90 m,"Drama,",Teri,18,"27,243",8.1
337,338,Aurora Teagarden Mysteries,2015,24 m,"Crime,",Candace,18+,"1,082",7.7
338,339,Sword Art Online,2012,60 m,"Animation,",Yoshitsugu,PG,"42,938",7.7
339,340,City on a Hill,2019,58 m,"Crime,",Kevin,18+,"11,163",7.6
340,341,Merl,2015,30 m,"Comedy,",Francesc,15+,"8,049",8.6
341,342,Victorious,2010,40 m,"Comedy,",Victoria,18+,"23,786",7.1
342,343,Black Summer,2019,44 m,"Action,",Jaime,16,"28,165",6.6
343,344,Lethal Weapon,2016,60 m,"Action,",Damon,18+,"37,394",7.9
344,345,Beauty and the Beast,2012,46 m,"Drama,",Kristin,16,"36,363",7.3
345,346,Frayed,2019,41 m,"Comedy,",Sarah,18+,"2,291",7.5
346,347,Imposters,2017,44 m,"Comedy,",Inbar,13,"13,170",7.8
347,348,Prodigal Son,2019,45 m,"Crime,",Tom,18+,"19,867",7.7
348,349,Truth Be Told,2019,45 m,"Crime,",Octavia,18,"11,583",7.1
349,350,Roswell New Mexico,2019,60 m,"Drama,",Jeanine,18+,"11,727",6.4
350,351,Pose,2018,58 m,Drama,Michaela,18,"27,510",8.6
351,352,Patriot II,2015,30 m,"Comedy,",Michael,18+,"14,109",8.3
352,353,Last Week Tonight with John Oliver,2014,44 m,"Comedy,",John,18,"85,517",8.9
353,354,Orphan Black,2013,22 m,"Drama,",Tatiana,18+,"107,968",8.3
354,355,Fresh Off the Boat,2015,45 m,Comedy,Randall,18,"24,585",7.8
355,356,Babylon Berlin,2017,50 m,"Crime,",Volker,18+,"22,937",8.4
356,357,The Borgias,2011,120 m,"Crime,",Jeremy,18,"50,483",7.9
357,358,ukur,2017,45 m,"Action,",Aras,18+,"14,403",7.8
358,359,Beforeigners,2019,24 m,"Crime,",Krista,18,"10,237",7.8
359,360,Haikyuu,2014,52 m,"Animation,",Ayumu,18+,"20,850",8.8
360,361,Versailles,2015,43 m,"Biography,",George,18,"16,013",7.9
361,362,Below Deck,2013,30 m,Reality-TV,Lee,18+,"3,082",7.5
362,363,The Mindy Project,2012,60 m,Comedy,Mindy,15+,"31,183",7.5
363,364,Fauda,2015,58 m,"Action,",Lior,18+,"25,119",8.3
364,365,The Putin Interviews,2017,60 m,"Documentary,",Oliver,UA,"4,373",7.5
365,366,Sorjonen,2016,60 m,"Crime,",Ville,18+,"10,286",7.6
366,367,Sneaky Pete,2015,30 m,"Crime,",Giovanni,18,"34,973",8.1
367,368,Norsemen,2016,10 m,Comedy,Kåre,18+,"17,615",7.8
368,369,State of the Union,2019,90 m,"Short,",Chris,18+,"5,190",7.8
369,370,Vienna Blood,2019,42 m,"Crime,",Matthew,18+,"5,270",7.5
370,371,Crazy Ex Girlfriend,2015,60 m,"Comedy,",Rachel,A,"19,365",7.9
371,372,Unforgettable,2011,43 m,"Crime,",Poppy,18+,"18,947",6.9
372,373,Naked and Afraid,2013,1 m,"Adventure,",Michael,13,"3,924",6.6
373,374,Derek,2012,23 m,"Comedy,",Ricky,18+,"31,861",8.1
374,375,Dirk Gently s Holistic Detective Agency,2016,60 m,"Action,",Samuel,7,"48,820",8.2
375,376,Coroner,2019,60 m,"Crime,",Serinda,18+,"4,147",6.8
376,377,Van Helsing,2016,43 m,"Action,",Kelly,18,"21,404",6.3
377,378,The Family Man,2019,45 m,"Action,",Manoj,18+,"80,804",8.9
378,379,Taskmaster,2015,60 m,"Comedy,",Greg,16,"10,092",9.0
379,380,Manhunt II,2017,60 m,"Biography,",Gethin,18+,"56,711",8.1
380,381,The Shannara Chronicles,2016,42 m,"Adventure,",Austin,A,"58,922",7.2
381,382,Bob Hearts Abishola,2019,21 m,"Short,",Billy,18+,"3,812",6.8
382,383,Lykkeland,2018,45 m,Drama,Anne,18,"2,215",7.8
383,384,Henry Danger,2014,30 m,"Action,",Jace,18+,"5,001",5.9
384,385,Grown ish,2018,22 m,"Comedy,",Yara,18,"5,235",6.4
385,386,f r,2015,60 m,"Crime,",Ólafur,18+,"20,201",8.0
386,387,Slasher,2016,60 m,"Crime,",Christopher,18,"13,881",6.7
387,388,Absentia,2017,60 m,"Crime,",Stana,18+,"14,869",7.3
388,389,Tin Star,2017,60 m,"Crime,",Tim,18,"13,724",7.2
389,390,Z Nation,2014,44 m,"Action,",Russell,18+,"35,714",6.8
390,391,The Grand Tour,2016,60 m,"Comedy,",Jeremy,18,"71,265",8.8
391,392,L A s Finest,2019,60 m,"Action,",Jessica,18+,"7,071",6.1
392,393,Under the Dome,2013,43 m,"Drama,",Mike,16,"104,941",6.6
393,394,Wynonna Earp,2016,43 m,"Action,",Melanie,18+,"22,027",7.6
394,395,Everything Sucks,2018,30 m,"Comedy,",Jahi,13,"17,921",7.5
395,396,The Amazing World of Gumball,2011,11 m,"Animation,",Dan,18+,"28,394",8.3
396,397,Condor,2018,60 m,"Action,",Max,A,"14,395",7.7
397,398,Harrow,2018,60 m,"Crime,",Ioan,18+,"7,526",7.6
398,399,PAW Patrol,2013,23 m,"Animation,",Ron,18,"3,003",6.2
399,400,Ash vs Evil Dead,2015,30 m,"Action,",Bruce,18+,"70,235",8.4
400,401,You re the Worst,2014,30 m,"Comedy,",Chris,18,"25,311",8.1
401,402,Covert Affairs,2010,60 m,"Action,",Piper,18+,"28,762",7.4
402,403,Wisting,2019,60 m,"Crime,",Sven,16,"5,350",7.3
403,404,Knightfall,2017,60 m,"Action,",Tom,18+,"19,438",6.8
404,405,Empire,2015,42 m,"Drama,",Terrence,15+,"38,984",7.4
405,406,Nikita,2010,60 m,"Action,",Maggie,18+,"50,742",7.8
406,407,Quantico,2015,42 m,"Crime,",Priyanka,16,"59,936",6.6
407,408,Sleepy Hollow,2013,45 m,"Action,",Tom,18+,"60,038",7.4
408,409,The Twilight Zone,2019,60 m,"Drama,",Jordan,18,"15,121",5.8
409,410,American Housewife,2016,30 m,Comedy,Katy,18+,"9,197",7.4
410,411,Mocro Maffia,2018,60 m,Crime,Achmed,15+,"2,914",8.2
411,412,Gentleman Jack,2019,60 m,"Biography,",Suranne,18+,"10,836",8.3
412,413,Apharan,2018,45 m,"Action,",Arunoday,18,"10,858",8.4
413,414,Life in Pieces,2015,22 m,Comedy,Colin,18+,"14,719",8.0
414,415,Top of the Lake,2013,60 m,"Crime,",Elisabeth,13,"34,909",7.5
415,416,The Order,2019,60 m,"Drama,",Jake,18+,"26,744",6.8
416,417,I Think You Should Leave with Tim Robinson,2019,16 m,Comedy,Tim,13,"10,938",7.9
417,418,Monkeys,12,42 m,"Adventure,",Aaron,18+,"43,688",7.7
418,419,Candice Renoir,2013,52 m,"Comedy,",Cécile,18,"1,254",7.6
419,420,Wayward Pines,2015,60 m,"Drama,",Siobhan,18+,"54,687",7.4
420,421,The Outpost,2018,44 m,"Action,",Jessica,13,"7,967",6.6
421,422,Treadstone,2019,44 m,Action,Jeremy,18+,"10,198",7.0
422,423,PEN,15,30 m,Comedy,Maya,Not Rated,"10,423",8.1
423,424,Vis a vis,2015,53 m,"Drama,",Alba,18+,"20,945",8.2
424,425,Zone Blanche,2017,52 m,"Crime,",Suliane,16+,"10,627",7.5
425,426,Creepshow,2019,44 m,"Fantasy,",Hannah,18+,"6,766",7.1
426,427,Der Pass,2018,43 m,"Crime,",Julia,16,"6,029",8.0
427,428,Scream Queens,2015,45 m,"Comedy,",Emma,18+,"39,352",7.2
428,429,Below Deck Mediterranean,2016,43 m,Reality-TV,Sandy,16,"2,262",7.5
429,430,Nanatsu no taizai,2014,24 m,"Animation,",Bryce,18+,"29,684",8.0
430,431,Into the Dark,2018,90 m,"Drama,",Aurora,18,"4,559",6.3
431,432,Dix pour cent,2015,52 m,"Comedy,",Camille,18+,"13,236",8.3
432,433,The Brokenwood Mysteries,2014,90 m,"Crime,",Neill,18,"4,113",7.9
433,434,Easy,2016,30 m,Comedy,Michael,18+,"13,445",6.9
434,435,Erkenci Kus,2018,120 m,"Comedy,",Demet,18,"7,238",7.8
435,436,Utopia I,2013,50 m,"Drama,",Adeel,18+,"45,427",8.4
436,437,The Following,2013,43 m,"Crime,",Kevin,18+,"86,544",7.5
437,438,Queens of Mystery,2019,45 m,"Crime,",Martin,18+,"2,021",7.4
438,439,Insatiable,2018,45 m,"Comedy,",Dallas,7,"26,704",6.6
439,440,Future Man,2017,30 m,"Action,",Josh,18+,"24,403",7.7
440,441,Offspring,2010,60 m,"Comedy,",Asher,18,"4,687",8.4
441,442,Kota Factory,2019,45 m,"Comedy,",Mayur,18+,"66,527",9.3
442,443,The Librarians,2013,42 m,"Action,",Rebecca,16,"21,553",7.3
443,444,Runaways,2017,60 m,"Action,",Rhenzy,18+,"25,085",7.0
444,445,Inside No,9,30 m,"Comedy,",Reece,18+,"15,662",8.5
445,446,Kingdom,2014,43 m,"Drama,",Frank,18+,"17,611",8.5
446,447,Dark Matter,2015,42 m,"Adventure,",Melissa,16,"41,527",7.5
447,448,Day Fianc Before the Days,90,42 m,"Documentary,",Darcey,18+,969,6.6
448,449,Hemlock Grove,2013,46 m,"Drama,",Famke,16,"39,259",7.1
449,450,The Thundermans,2013,23 m,"Action,",Kira,18+,"5,132",5.8
450,451,Body of Proof,2011,60 m,"Comedy,",Dana,18,"17,489",7.2
451,452,Steven Universe,2013,11 m,"Animation,",Zach,18+,"31,424",8.3
452,453,Raising Hope,2010,22 m,"Comedy,",Lucas,16+,"37,015",8.1
453,454,A Place to Call Home,2013,60 m,Drama,Marta,18+,"5,254",8.3
454,455,The Spanish Princess,2019,55 m,"Drama,",Laura,18,"7,260",6.9
455,456,Fruits Basket,2019,24 m,"Animation,",Manaka,18+,"5,198",8.7
456,457,Le Bureau des L gendes,2015,52 m,"Drama,",Mathieu,18,"10,732",8.7
457,458,Siren,2018,60 m,"Drama,",Alex,18+,"13,554",7.1
458,459,The Durrells,2016,46 m,"Biography,",Keeley,18,"10,598",8.2
459,460,Falling Skies,2011,42 m,"Action,",Noah,18+,"88,310",7.2
460,461,Ballers,2015,30 m,"Comedy,",Dwayne,18+,"41,652",7.6
461,462,Sseulsseulhago Chalranhashin Dokkaebi,2016,120 m,"Comedy,",Gong,18+,"18,158",8.7
462,463,Yakusoku no Neverland,2019,23 m,"Animation,",Sumire,16,"33,593",8.4
463,464,Humans,2015,42 m,"Drama,",Katherine,18+,"39,080",8.0
464,465,The Society,2019,58 m,"Drama,",Kathryn,15+,"26,859",7.1
465,466,The Missing,2014,60 m,"Crime,",Tchéky,18+,"25,246",8.2
466,467,Bad Blood,2017,47 m,"Crime,",Kim,18,"9,545",7.5
467,468,F Is for Family,2015,30 m,"Animation,",Bill,18+,"35,531",8.0
468,469,Six,2017,60 m,"Action,",Barry,Not Rated,"12,342",7.3
469,470,Wellington Paranormal,2018,30 m,"Comedy,",Mike,18+,"4,539",7.6
470,471,Amphibia,2019,23 m,"Animation,",Brenda,18,"4,263",8.2
471,472,Steins Gate,2011,24 m,"Animation,",Mamoru,18+,"56,545",8.8
472,473,Cardinal,2017,42 m,"Crime,",Billy,13,"9,139",7.8
473,474,The Musketeers,2014,55 m,"Adventure,",Luke,18+,"21,934",7.8
474,475,Baby Daddy,2012,22 m,"Comedy,",Jean-Luc,18,"20,106",7.5
475,476,Girl Meets World,2014,23 m,"Comedy,",Rowan,18+,"14,276",7.3
476,477,Chesapeake Shores,2016,42 m,"Drama,",Meghan,16,"7,081",7.6
477,478,Jessie,2011,30 m,"Comedy,",Debby,18+,"15,088",6.1
478,479,Karppi,2018,45 m,"Crime,",Pihla,15+,"8,694",7.3
479,480,Homecoming,2018,30 m,"Drama,",Stephan,18+,"23,765",7.4
480,481,The Gifted I,2017,43 m,"Action,",Stephen,15+,"34,151",7.4
481,482,Harlots,2017,45 m,Drama,Lesley,18+,"8,466",7.7
482,483,All Rise,2019,44 m,Drama,Simone,16+,"4,483",6.7
483,484,Glitch,2015,45 m,"Drama,",Patrick,18+,"17,313",7.3
484,485,Dragon Ball Super Doragon b ru cho,2015,24 m,"Animation,",Masako,7,"28,034",8.4
485,486,Broad City,2014,22 m,Comedy,Ilana,18+,"30,408",8.4
486,487,Murder in Successville,2015,30 m,"Comedy,",Tom,13,"1,101",7.8
487,488,Wayne,2019,30 m,"Action,",Mark,18+,"13,947",8.4
488,489,The Other Two,2019,30 m,Comedy,Heléne,7,"5,710",7.8
489,490,Final Space,2018,30 m,"Animation,",Fred,18+,"41,385",8.3
490,491,Scott Bailey,2011,45 m,"Crime,",Suranne,18,"8,502",8.0
491,492,The Rain,2018,45 m,"Drama,",Alba,18+,"35,263",6.3
492,493,One Day at a Time,2017,30 m,"Comedy,",Justina,13,"15,602",8.2
493,494,Sacred Games,2018,50 m,"Action,",Saif,18+,"84,808",8.6
494,495,Lilyhammer,2012,45 m,"Comedy,",Steven,18,"28,982",8.0
495,496,The Valhalla Murders,2019,50 m,"Crime,",Aldís,18+,"12,930",7.1
496,497,Genius I,2017,43 m,"Biography,",Samantha,18+,"18,177",8.3
497,498,Single Parents,2018,30 m,Comedy,Taran,18+,"5,815",7.1
498,499,Revolution,2012,43 m,"Action,",Billy,18,"82,959",6.8
499,500,Sistas,2019,60 m,Comedy,Kj,18+,"1,212",5.6
500,501,Halt and Catch Fire,2014,60 m,Drama,Lee,12+,"31,571",8.4
501,502,High School Musical The Musical The Series,2019,31 m,"Comedy,",Olivia,18+,"6,204",7.2
502,503,Zoo,2015,42 m,"Drama,",James,18,"24,281",6.7
503,504,Master of None,2015,30 m,"Comedy,",Aziz,18+,"72,262",8.3
504,505,Private Eyes,2016,43 m,"Comedy,",Jason,18,"4,521",7.4
505,506,Happy,2017,60 m,"Action,",Christopher,18+,"37,250",8.2
506,507,Swamp Thing,2019,60 m,"Action,",Crystal,18,"23,948",7.5
507,508,Motherland,2016,30 m,Comedy,Anna,18+,"4,737",7.9
508,509,DCI Banks,2010,45 m,"Crime,",Stephen,18,"7,401",7.7
509,510,Nathan for You,2013,30 m,"Documentary,",Nathan,18+,"25,203",8.9
510,511,Da Vinci s Demons,2013,60 m,"Adventure,",Tom,16,"75,879",8.0
511,512,Roman Empire,2016,48 m,"Documentary,",Aaron,18+,"7,376",7.0
512,513,Switched at Birth,2011,60 m,"Drama,",Katie,18,"24,718",7.9
513,514,The Knick,2014,58 m,"Drama,",André,18+,"47,319",8.5
514,515,Brassic,2019,43 m,"Comedy,",Joe,16,"8,036",8.4
515,516,Black Lightning,2017,43 m,"Action,",Cress,18+,"24,715",6.1
516,517,Raven s Home,2017,22 m,"Comedy,","Raven-Symoné,",18,"2,980",7.4
517,518,The Great British Bake Off,2010,60 m,Reality-TV,Paul,18+,"9,534",8.6
518,519,Bunk d,2015,30 m,"Comedy,",Miranda,15+,"3,109",5.5
519,520,Tidelands,2018,60 m,"Crime,",Charlotte,18+,"7,646",6.9
520,521,Hercai,2019,120 m,"Drama,",Akin,18,"3,026",7.2
521,522,Cuckoo II,2012,30 m,Comedy,Greg,18+,"9,330",7.2
522,523,The L Word Generation Q,2019,55 m,Drama,Jennifer,All,"5,914",7.5
523,524,Saving Hope,2012,43 m,"Drama,",Erica,18+,"6,836",7.6
524,525,My Life Is Murder,2019,60 m,"Comedy,",Lucy,18,"2,989",7.6
525,526,Doctor Foster,2015,60 m,Drama,Suranne,18+,"18,491",7.7
526,527,K C Undercover,2015,30 m,"Action,","Zendaya,",16,"4,580",6.4
527,528,Deadly Class,2018,60 m,"Action,",Benedict,18+,"16,944",7.5
528,529,The Politician,2019,42 m,"Comedy,",Ben,16,"21,538",7.5
529,530,Tae yang eui hoo ye,2016,60 m,"Action,",Song,18+,"13,988",8.4
530,531,,3,49 m,"Action,",Bianca,A,"24,792",7.4
531,532,UnREAL,2015,42 m,Drama,Shiri,18+,"14,498",7.8
532,533,Impractical Jokers,2011,30 m,"Comedy,",Brian,UA 16+,"38,034",8.7
533,534,Dare Me,2019,42 m,"Crime,",Willa,18+,"4,919",6.7
534,535,Departure,2019,45 m,"Drama,",Archie,18,"14,697",7.3
535,536,Re Zero kara hajimeru isekai seikatsu,2016,24 m,"Animation,",Yûsuke,18+,"16,502",8.2
536,537,Skam,2015,30 m,"Drama,",Josefine,18,"32,214",8.7
537,538,Clique,2017,43 m,"Drama,",Rachel,18+,"2,952",6.9
538,539,Criminal UK,2019,43 m,"Crime,",Katherine,18,"17,675",7.6
539,540,DuckTales,2017,21 m,"Animation,",David,18+,"9,115",8.3
540,541,Taken,2017,41 m,"Action,",Clive,PG,"10,545",6.6
541,542,Super Dragon Ball Heroes,2018,10 m,"Animation,",Ryô,18+,"2,238",7.1
542,543,Claws,2017,45 m,"Comedy,",Niecy,13,"6,240",7.4
543,544,Lovesick,2014,24 m,Comedy,Johnny,18+,"19,171",8.1
544,545,Secret City,2016,49 m,"Mystery,",Anna,18,"7,785",7.4
545,546,Crossing Lines,2013,43 m,"Action,",Tom,18+,"12,912",7.4
546,547,The Village,2013,60 m,Drama,David,16,"2,155",7.7
547,548,The Protector,2018,40 m,"Action,",Çagatay,18+,"34,134",6.8
548,549,That Time I Got Reincarnated as a Slime,2018,25 m,"Animation,",Miho,16,"8,652",8.2
549,550,Good Luck Charlie,2010,22 m,"Comedy,",Bridgit,18+,"21,092",7.2
550,551,The Mick,2017,30 m,Comedy,Kaitlin,18+,"15,998",7.8
551,552,The Hot Zone,2019,277 m,"Drama,",Julianna,18+,"8,558",7.3
552,553,The Glades,2010,60 m,"Action,",Matt,18,"13,159",7.5
553,554,Mob Psycho,100,24 m,"Animation,",Setsuo,18+,"25,530",8.6
554,555,Miss Fisher s Murder Mysteries,2012,60 m,"Crime,",Essie,18,"15,536",8.3
555,556,Daybreak I,2019,60 m,"Action,",Colin,18+,"19,037",6.7
556,557,Kaguya sama wa kokurasetai Tensai tachi no ren ai zun sen,2019,24 m,"Animation,",Aoi,18,"9,236",8.5
557,558,Rocco Schiavone,2016,100 m,"Crime,",Marco,18+,"1,437",7.8
558,559,Kurulus Osman,2019,120 m,"Action,",Burak,18,"8,481",8.4
559,560,Married at First Sight,2014,83 m,Reality-TV,Pepper,18+,"1,882",6.2
560,561,Baki,2018,45 m,"Animation,",Tôru,15+,"5,396",6.7
561,562,Perception,2012,42 m,"Crime,",Eric,18+,"20,859",7.6
562,563,Miseuteo Shunshain,2018,80 m,"Action,",Lee,A,"6,527",8.8
563,564,Lost Girl,2010,44 m,"Action,",Anna,18+,"30,519",7.7
564,565,Mandy,2019,15 m,Comedy,Diane,18,"1,238",7.1
565,566,The Dragon Prince,2018,26 m,"Animation,",Paula,18+,"21,130",8.4
566,567,Living with Yourself,2019,26 m,"Comedy,",Paul,16,"29,679",7.2
567,568,The Loud House,2015,22 m,"Animation,",Grey,18+,"5,841",7.1
568,569,Forever,2014,43 m,"Crime,",Ioan,18,"56,323",8.3
569,570,Our Girl,2013,60 m,"Action,",Sean,18+,"3,995",7.7
570,571,The Oval,2019,60 m,Drama,Brad,16+,"1,265",4.5
571,572,Teen Titans Go,2013,10 m,"Animation,",Greg,18+,"20,231",5.3
572,573,Sorry for Your Loss,2018,30 m,Drama,Elizabeth,18,"2,381",7.4
573,574,The Dark Crystal Age of Resistance,2019,60 m,"Adventure,",Neil,18+,"23,872",8.4
574,575,Berlin Station,2016,60 m,"Drama,",Leland,18,"8,730",7.6
575,576,Haven,2010,60 m,"Crime,",Emily,18+,"37,475",7.6
576,577,Electric Dreams,2017,60 m,Sci-Fi,Richard,18,"15,943",7.2
577,578,Rookie Blue,2010,42 m,"Action,",Missy,18+,"16,987",7.8
578,579,Fresh Meat,2011,50 m,"Comedy,",Zawe,16,"17,404",7.9
579,580,Salem,2014,60 m,"Drama,",Janet,18+,"23,384",7.2
580,581,The Bridge I,2013,43 m,"Crime,",Demián,18,"18,953",7.6
581,582,Big City Greens,2018,22 m,"Animation,",Chris,18+,"1,900",7.4
582,583,Young Hungry,2014,22 m,"Comedy,",Emily,18,"15,463",7.5
583,584,Stumptown,2019,44 m,"Crime,",Cobie,18+,"11,128",7.5
584,585,Shigatsu wa kimi no uso,2014,23 m,"Animation,",Natsuki,16,"25,570",8.6
585,586,Riviera,2017,60 m,"Drama,",Julia,18+,"7,668",6.7
586,587,The Split,2018,60 m,Drama,Nicola,16,"5,067",7.7
587,588,Catastrophe,2015,24 m,Comedy,Sharon,18+,"18,649",8.2
588,589,From Dusk Till Dawn The Series,2014,45 m,"Action,",D.J.,16,"20,161",6.9
589,590,High Maintenance,2016,30 m,"Comedy,",Ben,18+,"8,448",8.1
590,591,Shake It Up,2010,30 m,"Comedy,",Bella,18,"12,815",5.0
591,592,My Little Pony Friendship Is Magic,2010,22 m,"Animation,",Ashleigh,18+,"20,511",7.9
592,593,Devious Maids,2013,60 m,"Comedy,",Ana,7,"23,532",7.9
593,594,Burden of Truth,2018,44 m,Drama,Kristin,18+,"4,053",7.3
594,595,Okkupert,2015,45 m,"Drama,",Henrik,13,"8,794",7.7
595,596,The Tunnel,2013,60 m,"Crime,",Stephen,18+,"8,838",7.9
596,597,She Ra and the Princesses of Power,2018,30 m,"Animation,",Aimee,18,"14,533",8.0
597,598,The Son,2017,44 m,"Drama,",Pierce,18+,"6,124",7.5
598,599,Ripper Street,2012,59 m,"Crime,",Matthew,15+,"20,760",8.1
599,600,The Chi,2018,60 m,Drama,Jason,18+,"5,647",7.4
600,601,El juego de las llaves,2019,30 m,"Drama,",Maite,18,"1,717",6.7
601,602,Inhumans,2017,43 m,"Action,",Anson,18+,"24,976",5.0
602,603,Baby,2018,50 m,Drama,Benedetta,18,"10,725",6.9
603,604,Project Blue Book,2019,45 m,"Drama,",Aidan,18+,"12,559",7.7
604,605,Fire Force,2019,23 m,"Animation,",Derick,16,"5,903",7.7
605,606,Continuum I,2012,45 m,"Action,",Rachel,18+,"60,250",7.7
606,607,Undone,2019,23 m,"Animation,",Rosa,18,"17,220",8.2
607,608,Salvation,2017,43 m,"Drama,",Santiago,18+,"21,670",7.0
608,609,Gypsy,2017,51 m,"Drama,",Naomi,18+,"15,901",6.8
609,610,Crashing,2016,30 m,Comedy,Phoebe,18+,"18,420",7.7
610,611,On My Block,2018,30 m,"Comedy,",Sierra,16+,"15,302",8.0
611,612,Fortitude,2015,60 m,"Drama,",Richard,18+,"21,148",7.3
612,613,Yasak Elma,2018,120 m,"Drama,",Sevval,18,"1,842",6.0
613,614,Lab Rats,2012,22 m,"Action,",William,18+,"5,749",6.9
614,615,American Vandal,2017,34 m,"Comedy,",Tyler,16,"29,651",8.1
615,616,The Purge,2018,42 m,"Action,",Gabriel,18+,"15,775",6.5
616,617,Food Wars Shokugeki no Soma,2015,24 m,"Animation,",Yoshitsugu,18,"9,340",8.2
617,618,On Becoming a God in Central Florida,2019,46 m,Comedy,Kirsten,18+,"6,372",7.2
618,619,Ben Ultimate Alien,10,22 m,"Animation,",Yuri,18,"7,105",7.7
619,620,Keeping Faith,2017,60 m,"Drama,",Eve,18+,"4,945",7.1
620,621,House of Lies,2012,28 m,"Comedy,",Don,16,"25,023",7.4
621,622,Kimbiseoga wae geureolkka,2018,60 m,"Comedy,",Park,18+,"10,118",8.2
622,623,Kiseij Sei no kakuritsu,2014,22 m,"Animation,",Brittney,18,"33,738",8.4
623,624,Tell Me a Story,2018,52 m,"Drama,",Danielle,18+,"8,841",7.2
624,625,Flack,2019,60 m,"Comedy,",Anna,16,"5,238",7.2
625,626,Bancroft,2017,45 m,"Crime,",Sarah,18+,"3,374",6.8
626,627,Tate no Yuusha no Nariagari,2019,24 m,"Animation,",Kaito,18,"10,771",8.2
627,628,Ansatsu ky shitsu,2013,23 m,"Animation,",Jun,18+,"13,492",8.1
628,629,Baskets,2016,30 m,"Comedy,",Zach,Not Rated,"11,497",7.6
629,630,Naked Attraction,2016,60 m,"Game-Show,",Anna,18+,964,5.4
630,631,Detectorists,2014,30 m,Comedy,Mackenzie,18,"13,566",8.6
631,632,Blood Drive,2017,60 m,"Action,",Alan,18+,"6,144",7.2
632,633,Shrill,2019,30 m,"Comedy,",Aidy,18,"7,905",7.3
633,634,TURN,2014,60 m,"Drama,",Jamie,18+,"21,399",8.1
634,635,Bungou Stray Dogs,2016,24 m,"Animation,",Kaiji,16,"5,118",7.9
635,636,The Exorcist,2016,45 m,"Drama,",Alfonso,18+,"27,847",8.0
636,637,Leyla ile Mecnun,2011,80 m,"Adventure,",Ali,16,"92,778",9.3
637,638,Fazilet Hanim ve Kizlari,2017,140 m,Drama,Nazan,18+,"2,350",7.2
638,639,Girlfriends Guide to Divorce,2014,60 m,"Comedy,",Lisa,UA 16+,"4,452",7.0
639,640,Treme,2010,55 m,"Drama,",Khandi,18+,"14,486",8.3
640,641,Making a Murderer,2015,60 m,"Documentary,",Steven,16,"92,677",8.6
641,642,Great News,2017,22 m,Comedy,Briga,18+,"6,886",7.0
642,643,Republic of Doyle,2010,60 m,"Comedy,",Allan,18,"3,979",7.7
643,644,Mozart in the Jungle,2014,29 m,"Comedy,",Gael,18+,"24,372",8.1
644,645,Las chicas del cable,2017,50 m,Drama,Blanca,16,"13,907",7.6
645,646,Dokutaa Sutoon,2019,24 m,"Animation,",Yûsuke,18+,"16,886",8.3
646,647,Mistresses I,2013,43 m,"Drama,",Alyssa,18,"13,389",7.2
647,648,Innan vi d r,2017,60 m,"Drama,",Marie,18+,"4,184",7.7
648,649,Mirzapur,2018,60 m,"Action,",Pankaj,16,"66,854",8.5
649,650,Troy Fall of a City,2018,60 m,"Action,",Louis,18+,"13,640",3.9
650,651,Drunk History,2013,22 m,"Comedy,",Derek,18,"10,721",7.8
651,652,Don t Trust the B in Apartment,23,22 m,Comedy,Krysten,18+,"36,953",7.3
652,653,Toast of London,2012,30 m,Comedy,Matt,16,"8,508",8.2
653,654,Plebs,2013,25 m,Comedy,Tom,18+,"7,653",7.9
654,655,Manhunt,2019,45 m,"Biography,",Martin,18,"8,027",7.6
655,656,Helluva Boss,2019,12 m,"Animation,",Brandon,18+,"3,364",8.0
656,657,Casual,2015,25 m,"Comedy,",Michaela,PG,"8,082",7.5
657,658,My Mad Fat Diary,2013,47 m,"Comedy,",Ciara,18+,"17,026",8.5
658,659,For the People,2018,1996 i,Drama,Hope,16,"5,564",7.3
659,660,Bimilui Soop,2017,43 m,"Crime,",Cho,18+,"7,578",8.5
660,661,Defiance,2013,60 m,"Action,",Grant,13,"42,319",7.0
661,662,Hinterland,2013,43 m,"Crime,",Richard,18+,"13,635",7.6
662,663,Liv and Maddie,2013,90 m,"Comedy,",Dove,16,"8,181",6.5
663,664,Limitless,2015,22 m,"Comedy,",Jake,18+,"65,868",7.7
664,665,How to Sell Drugs Online Fast,2019,42 m,"Comedy,",Maximilian,16,"30,031",7.9
665,666,Frankie Drake Mysteries,2017,30 m,"Crime,",Lauren,18+,"2,469",6.8
666,667,Out of Cats Does Countdown,8,60 m,"Comedy,",Susie,12+,"5,588",8.2
667,668,People of Earth,2016,30 m,"Comedy,",Wyatt,18+,"7,154",7.7
668,669,The Food That Built America,2019,30 m,"Documentary,",Campbell,18,916,8.5
669,670,Louie,2010,22 m,"Comedy,",Louis,18+,"77,641",8.6
670,671,The Hollow Crown,2012,150 m,"Drama,",Anton,18+,"6,437",8.3
671,672,The Witchfinder,2019,30 m,Comedy,Tuwaine,18+,"5,865",7.8
672,673,This Way Up,2019,25 m,Comedy,Aisling,7,"5,970",5.3
673,674,The Real Housewives of Beverly Hills,2010,44 m,Reality-TV,Kyle,18+,"2,384",6.5
674,675,Are You the One,2014,41 m,Reality-TV,Ryan,A,"19,746",7.1
675,676,Pan Am,2011,1 m,"Drama,",Christina,18+,"8,196",8.4
676,677,Whose Line Is It Anyway,2013,42 m,"Comedy,",Colin,13,"4,372",6.7
677,678,Blood Treasure,2019,22 m,"Action,",Matt,18+,"5,910",8.2
678,679,Velvet,2013,60 m,Drama,Paula,18,"5,447",6.5
679,680,Selling Sunset,2019,43 m,Reality-TV,Mary,18+,"4,105",5.9
680,681,The Masked Singer,2019,30 m,"Game-Show,",Jenny,16,"2,483",5.4
681,682,Nicky Ricky Dicky Dawn,2014,60 m,"Comedy,",Lizzy,18+,"12,022",7.4
682,683,Bad Education,2012,30 m,Comedy,Jack,A,"11,358",7.2
683,684,The Catch,2016,30 m,"Crime,",Mireille,18+,"34,780",7.9
684,685,Episodes,2011,43 m,Comedy,Matt,18,"82,745",6.8
685,686,Terra Nova,2011,30 m,"Adventure,",Jason,18+,"18,069",8.5
686,687,Queer Eye,2018,46 m,Reality-TV,Jonathan,18,"5,008",7.3
687,688,World on Fire,2019,85 m,"Drama,",Jonah,18+,"4,494",8.4
688,689,Alone,2015,45 m,"Documentary,",Nicole,12+,"17,546",8.2
689,690,Friday Night Dinner,2011,57 m,Comedy,Tamsin,18+,"2,457",8.0
690,691,La Reina del Sur,2011,44 m,"Action,",Kate,PG,"17,780",7.8
691,692,El Chapo,2017,24 m,"Biography,",Marco,18+,"2,792",7.3
692,693,Vida,2018,378 m,Drama,Melissa,16,"4,683",6.9
693,694,Jamestown,2017,43 m,"Drama,",Naomi,18+,"7,300",8.3
694,695,Hotel Del Luna,2019,35 m,"Drama,",Ji-eun,16,"12,737",8.0
695,696,Ramy,2019,60 m,"Comedy,",Ramy,18+,"5,873",7.1
696,697,Lucky Man,2016,80 m,"Action,",James,18,"4,419",7.5
697,698,Vivir sin permiso,2018,30 m,Drama,Jose,18+,"4,780",7.3
698,699,Gold Rush,2010,60 m,Reality-TV,Paul,16,"20,269",8.4
699,700,Key and Peele,2012,75 m,"Action,",Keegan-Michael,18+,"9,863",8.7
700,701,Primal,2019,45 m,"Animation,",Aaron,18,"2,442",2.3
701,702,Met stasis,2014,30 m,"Crime,",Constanza,18+,"8,795",7.1
702,703,Liar,2017,22 m,"Crime,",Joanne,18,705,5.1
703,704,Married at First Sight Australia,2015,60 m,Reality-TV,Georgie,18+,"2,875",7.8
704,705,Doctor Doctor,2016,45 m,"Comedy,",Rodger,13,"3,908",7.7
705,706,Hazbin Hotel,2019,42 m,"Animation,",Jill,18+,"12,435",7.0
706,707,Stitchers,2015,50 m,"Crime,",Emma,18,"15,289",7.7
707,708,McMafia,2018,32 m,"Crime,",James,18+,"2,651",7.4
708,709,Det som g ms i sn,2018,60 m,"Crime,",Robert,18,"22,389",7.8
709,710,Transparent,2014,60 m,"Comedy,",Jeffrey,18+,"17,665",7.4
710,711,The Tick,2016,43 m,"Action,",Peter,18,"2,368",6.7
711,712,Monster Musume no Iru Nichijou,2015,30 m,"Animation,",Junji,18+,"11,331",7.9
712,713,Red Oaks,2014,29 m,"Comedy,",Craig,18+,"4,192",6.6
713,714,Capitani,2019,23 m,"Crime,",Luc,18+,"7,220",8.3
714,715,Baegabondeu,2019,30 m,"Action,",Lee,16,"4,067",7.2
715,716,Hidden,2018,312 m,"Crime,",Sian,18+,"13,512",7.8
716,717,Giri Haji,2019,60 m,"Crime,",Takehiro,18,"16,329",6.9
717,718,Krypton,2018,60 m,"Action,",Cameron,18+,"12,489",7.2
718,719,Emerald City,2016,461 m,"Adventure,",Adria,13,"3,312",7.7
719,720,Stath Lets Flats,2018,45 m,Comedy,Jamie,18+,"5,579",8.2
720,721,Bap Jal Sajuneun Yeppeun Nuna,2018,60 m,"Drama,",Son,16,"2,793",6.8
721,722,Rogue,2013,30 m,"Action,",Cole,18+,"12,041",7.5
722,723,The Night Shift,2014,75 m,"Drama,",Eoin,16,"12,731",7.3
723,724,Gakuen mokushiroku HIGHSCHOOL OF THE DEAD,2010,50 m,"Animation,",Jun'ichi,18+,806,8.0
724,725,Astrid et Rapha lle,2019,42 m,"Crime,",Sara,16+,"8,154",7.5
725,726,Outsiders I,2016,24 m,"Crime,",David,18+,"4,157",7.7
726,727,Y koso jitsuryoku shij shugi no ky shitsu e,2017,60 m,"Animation,",Amber,16,"15,456",7.7
727,728,Mr Selfridge,2013,24 m,Drama,Ron,18+,"1,256",7.6
728,729,Balthazar,2018,45 m,"Crime,",Tomer,18,"8,111",7.3
729,730,Baptiste,2019,52 m,"Crime,",Tchéky,18+,"52,113",7.6
730,731,Constantine,2014,60 m,"Crime,",Matt,18,"6,661",8.4
731,732,Last Tango in Halifax,2012,43 m,"Comedy,",Anne,18+,"10,684",8.3
732,733,Him ssen yeo ja Do Bong soon,2017,60 m,"Comedy,",Park,16,"2,407",7.2
733,734,Arifureta Shokugyou de Sekai Saikyou,2019,67 m,"Animation,",Tia,18+,"10,120",7.9
734,735,Teenage Mutant Ninja Turtles,2012,23 m,"Animation,",Sean,16,"21,766",7.2
735,736,Killjoys,2015,24 m,"Action,",Hannah,18+,"4,207",7.3
736,737,Ninjago Masters of Spinjitzu,2011,42 m,"Animation,",Michael,16,"18,271",8.3
737,738,Looking,2014,30 m,"Comedy,",Jonathan,18+,"9,720",6.9
738,739,The Widow I,2019,30 m,"Action,",Kate,18+,946,8.4
739,740,Australian Survivor,2016,60 m,"Adventure,",Jonathan,18+,"6,216",4.9
740,741,Dance Moms,2011,60 m,Reality-TV,Abby,16,"10,341",7.2
741,742,Channel Zero,2016,42 m,"Crime,",Brandon,18+,"17,956",8.0
742,743,Kidding,2018,44 m,"Comedy,",Jim,16,"19,669",6.7
743,744,Cloak Dagger,2018,30 m,"Action,",Olivia,18+,"15,226",8.1
744,745,Galavant,2015,44 m,"Adventure,",Joshua,18,"9,095",8.2
745,746,Exit,2019,22 m,Drama,Agnes,18+,"1,052",7.0
746,747,El Se or de los Cielos,2013,30 m,"Action,",Rafael,18,171,6.7
747,748,Rock the Block,2019,60 m,Reality-TV,Ty,18+,"22,109",7.9
748,749,Akame ga Kill,2014,24 m,"Animation,",Sôma,13,"14,706",8.1
749,750,The Big C,2010,30 m,"Comedy,",Laura,18+,"7,133",7.3
750,751,Wrecked,2016,30 m,"Action,",Zach,18,"1,131",8.0
751,752,Evil Lives Here,2016,43 m,"Documentary,",T.J.,18+,"18,599",7.1
752,753,Melissa Joey,2010,30 m,"Comedy,",Melissa,UA,"44,063",7.6
753,754,Awkward,2011,22 m,"Comedy,",Ashley,18+,"4,262",7.8
754,755,Loudermilk,2017,30 m,"Comedy,",Ron,7,"4,744",6.2
755,756,Ben Omniverse,10,22 m,"Animation,",Yuri,18+,"17,877",6.9
756,757,Paradise PD,2018,28 m,"Animation,",Sarah,7+,"24,354",5.4
757,758,The Mist,2017,42 m,"Drama,",Morgan,18+,"4,073",8.5
758,759,Aseudal Yeondaegi,2019,80 m,"Action,",Song,16,"7,503",6.7
759,760,Instinct,2018,60 m,"Crime,",Alan,18+,"6,752",7.5
760,761,Trust,2018,60 m,"Biography,",Harris,PG,"7,622",7.8
761,762,Unsolved,2018,60 m,"Biography,",Josh,18+,"3,787",8.2
762,763,Meteor Garden,2018,45 m,"Drama,",Dylan,A,706,8.1
763,764,Ninjago,2019,11 m,"Animation,",Kelly,18+,"8,622",7.6
764,765,DARLING in the FRANXX,2018,24 m,"Animation,",Yûto,18,"3,744",7.7
765,766,Girl From Nowhere,2018,45 m,"Crime,",Chicha,18+,"27,437",7.2
766,767,The Carrie Diaries,2013,42 m,"Comedy,",AnnaSophia,18,"6,318",8.1
767,768,Documentary Now,2015,23 m,Comedy,Helen,18+,"9,335",5.6
768,769,Kevin Can Wait,2016,30 m,Comedy,Kevin,All,"11,935",7.6
769,770,The Royals,2015,42 m,Drama,Joan,18+,"17,693",8.3
770,771,I erde,2016,60 m,"Action,",Çagatay,18,"7,122",6.8
771,772,Alta mar,2019,50 m,"Crime,",Ivana,18+,"16,262",8.5
772,773,Trollhunters,2016,23 m,"Animation,",Charlie,18,521,3.5
773,774,LOL Last One Laughing,2018,35 m,Reality-TV,Eugenio,18+,"1,447",8.7
774,775,The Repair Shop,2017,30 m,"Documentary,",Jay,13,936,5.9
775,776,Jugar con Fuego,2019,60 m,Drama,Jason,18+,"13,489",6.1
776,777,V Wars,2019,542 m,"Drama,",Ian,18,"12,273",7.6
777,778,Dogs of Berlin,2018,50 m,"Action,",Felix,18+,"14,126",8.0
778,779,Suburra La serie,2017,22 m,"Action,",Alessandro,15+,"13,790",8.1
779,780,Star vs the Forces of Evil,2015,52 m,"Animation,",Eden,18+,"8,563",7.4
780,781,Luchshe chem lyudi,2018,23 m,"Drama,",Paulina,18,"11,877",7.2
781,782,Ultimate Spider Man,2012,45 m,"Animation,",Drake,18+,"3,635",7.5
782,783,Den som dr ber Fanget af m rket,2019,60 m,"Crime,",Natalie,16+,"16,548",7.0
783,784,No Ordinary Family,2010,150 m,"Action,",Michael,18+,"2,149",6.4
784,785,Sefirin Kizi,2019,60 m,"Action,",Engin,16+,"5,347",7.2
785,786,Four Weddings and a Funeral,2019,60 m,"Comedy,",Nathalie,18+,675,4.6
786,787,Siesta Key,2017,42 m,Reality-TV,Garrett,18,881,6.1
787,788,Temptation Island,2019,30 m,Reality-TV,Mark,18+,"8,361",7.8
788,789,Overlord,2015,60 m,"Animation,",Satoshi,18,"7,201",7.4
789,790,Das Boot,2018,28 m,"Drama,",Tom,18+,"2,521",6.5
790,791,Family Reunion,2019,45 m,"Comedy,",Tia,18,"2,068",6.7
791,792,Beecham House,2019,24 m,Drama,Tom,18+,"5,508",6.8
792,793,Beruseruku,2016,45 m,"Animation,",Max,18,"1,962",6.6
793,794,The Mallorca Files,2019,86 m,"Crime,",Elen,18+,"2,142",7.2
794,795,Ms Fisher s Modern Murder Mysteries,2019,45 m,"Crime,",Geraldine,13,"2,504",6.8
795,796,Morden i Sandhamn,2010,60 m,"Crime,",Alexandra,18+,"3,592",8.2
796,797,El marginal,2016,24 m,"Crime,",Nicolás,16,"9,587",8.2
797,798,Seishun Buta Yaro wa Bunny Girl senpai no Yume wo Minai,2018,85 m,"Animation,",Kaito,18+,"1,849",6.3
798,799,Day Fianc,90,24 m,"Reality-TV,",Natalie,All,"8,115",7.2
799,800,Kakegurui,2017,45 m,"Animation,",Saori,18+,"3,779",8.3
800,801,Home Fires,2015,90 m,"Drama,",Clare,16,211,7.7
801,802,The Crossword Mysteries,2019,22 m,"Crime,",Lacey,18+,"31,833",7.3
802,803,Suburgatory,2011,42 m,Comedy,Jeremy,18,"2,241",6.8
803,804,Pearson,2019,30 m,Drama,Gina,18+,"12,121",7.3
804,805,To the Lake I,2019,44 m,"Drama,",Kirill,12+,"6,406",8.4
805,806,Dangshini Jamdeun Saie,2017,44 m,"Comedy,",Bae,18+,"17,832",7.1
806,807,Bitten,2014,60 m,"Drama,",Laura,18,"25,377",7.6
807,808,Being Human,2011,30 m,"Drama,",Sam,18+,"23,151",7.8
808,809,Vinyl,2016,23 m,"Drama,",Bobby,A,"11,001",8.4
809,810,Dororo,2019,30 m,"Animation,",Jason,18+,"11,254",8.1
810,811,Scooby Doo Mystery Incorporated,2010,30 m,"Animation,",Frank,16,"9,256",5.8
811,812,Sam Cat,2013,60 m,"Comedy,",Jennette,18+,"5,437",8.1
812,813,Flowers,2016,20 m,"Comedy,",Sophia,A,"7,560",8.8
813,814,Dalui Yeonin Bobogyungsim Ryeo,2016,60 m,"Action,",Lee,18+,"12,209",8.0
814,815,Comedians in Cars Getting Coffee,2012,60 m,"Comedy,",Jerry,16,"25,995",8.4
815,816,Rectify,2013,28 m,Drama,Aden,18+,"9,298",8.2
816,817,W Du gaeui segye,2016,30 m,"Action,",Lee,13,"10,184",7.0
817,818,You Me Her,2016,60 m,"Comedy,",Greg,18+,"6,772",7.7
818,819,The Detour,2016,30 m,"Adventure,",Jason,18,"7,024",8.2
819,820,Get Shorty,2017,45 m,"Comedy,",Chris,18+,"11,116",6.1
820,821,Austin Ally,2011,6 i,"Comedy,",Ross,18,"5,480",7.1
821,822,Deep State,2018,60 m,"Action,",Joe,18+,"5,085",7.4
822,823,Greenleaf,2016,45 m,Drama,Merle,13,"11,470",6.7
823,824,Atlantis,2013,52 m,"Adventure,",Mark,18+,"6,552",7.8
824,825,Borgia,2011,17 m,"Biography,",Mark,18,"15,634",7.2
825,826,Bonding,2018,60 m,"Comedy,",Zoe,18+,792,6.8
826,827,Case Sensitive,2011,60 m,"Crime,",Olivia,18,"25,744",7.6
827,828,Witches of East End,2013,60 m,"Drama,",Julia,18+,"5,378",7.5
828,829,Motive,2013,270 m,"Crime,",Kristin,A,"5,362",7.7
829,830,Save Me,2018,90 m,"Drama,",Lennie,18+,"8,118",7.6
830,831,Kara Sevda,2015,42 m,"Drama,",Burak,16,"12,079",7.1
831,832,Aquarius,2015,60 m,"Biography,",David,18+,"7,724",8.5
832,833,Rake,2010,22 m,"Comedy,",Richard,UA 16+,"30,766",6.6
833,834,Anger Management,2012,60 m,"Comedy,",Charlie,18+,"1,012",8.1
834,835,Verdades Secretas,2015,60 m,"Drama,",Camila,16,"3,397",8.2
835,836,Hwarang,2016,44 m,"Action,",Park,18+,"10,824",5.5
836,837,CSI Cyber,2015,30 m,"Crime,",Patricia,18,"6,801",7.5
837,838,Goblin Slayer,2018,60 m,"Animation,",Yuichiro,18+,"8,849",6.7
838,839,NOS A,4,60 m,"Drama,",Ashleigh,18,"1,146",8.0
839,840,La reina del flow,2018,60 m,"Drama,",Carolina,18+,"8,051",7.1
840,841,Catfish The TV Show,2012,60 m,"Reality-TV,",Nev,16,"12,757",8.1
841,842,Quarry,2016,30 m,"Crime,",Logan,18+,"2,514",4.1
842,843,Mulaney,2014,43 m,Comedy,John,UA 13+,"42,490",7.4
843,844,Touch,2012,25 m,"Drama,",Kiefer,18+,"18,129",8.2
844,845,Psycho Pass,2012,30 m,"Animation,",Kana,16,"3,846",7.0
845,846,Mako Mermaids,2013,60 m,"Adventure,",Chai,18+,"10,115",7.1
846,847,Dublin Murders,2019,30 m,"Crime,",Sarah,UA,"7,505",6.8
847,848,Divorce,2016,60 m,"Comedy,",Sarah,18+,"13,667",7.4
848,849,Midnight Texas,2017,44 m,"Drama,",François,16,"8,321",7.7
849,850,Bunheads,2012,21 m,"Comedy,",Sutton,18+,"10,259",7.8
850,851,Man Seeking Woman,2015,23 m,"Comedy,",Jay,16,"9,019",7.7
851,852,Chewing Gum,2015,30 m,Comedy,Michaela,18+,"7,134",6.8
852,853,Sick Note,2017,60 m,"Comedy,",Rupert,18,"6,112",7.4
853,854,Upstairs Downstairs,2010,60 m,Drama,Keeley,18+,"3,853",7.4
854,855,Ink Master,2012,24 m,Reality-TV,Dave,18,"3,067",7.1
855,856,Isekai Mao to Shokan Shojo no Dorei Majutsu,2018,43 m,"Animation,",Masaaki,18+,"11,501",7.6
856,857,Secrets and Lies,2015,22 m,"Crime,",Ryan,18,"1,278",7.4
857,858,Scooby Doo and Guess Who,2019,60 m,"Animation,",Frank,18+,"7,682",7.4
858,859,Tales of the City,2019,60 m,Drama,Laura,16,"49,688",8.0
859,860,Almost Human,2013,60 m,"Action,",Karl,18+,"5,165",7.4
860,861,Jett,2019,4 m,"Crime,",Carla,18,"1,114",8.0
861,862,Vikings Athelstan s Journal,2015,21 m,"Action,",George,18+,"2,600",7.7
862,863,Tangled The Series,2017,90 m,"Animation,",Mandy,18,"6,270",9.2
863,864,Eung dab ha ra,1988,25 m,"Comedy,",Hyeri,18+,"1,835",6.8
864,865,The Bureau of Magical Things,2018,24 m,"Family,",Kimie,13+,"1,022",7.1
865,866,Puppy Dog Pals,2017,60 m,"Animation,",Harland,18+,"5,531",7.9
866,867,The K,2,25 m,"Drama,",Ji,18,"2,744",7.0
867,868,Domestic na Kanojo,2019,27 m,"Animation,",Maaya,18+,"4,129",7.1
868,869,Z The Beginning of Everything,2015,30 m,"Biography,",Christina,16,"5,645",7.4
869,870,Black Monday,2019,75 m,Comedy,Don,18+,"2,648",8.7
870,871,SKY Castle,2018,2 m,"Drama,",Jung-ah,18,158,4.0
871,872,Love Advent,2011,22 m,Action,Kendall,18+,"9,480",7.1
872,873,Whiskey Cavalier,2019,30 m,"Action,",Scott,18,"4,091",7.2
873,874,The Unicorn,2019,11 m,"Comedy,",Walton,18+,"4,986",8.6
874,875,Banshee Origins,2013,42 m,Drama,Frankie,18,"1,948",4.3
875,876,School of Rock,2016,51 m,"Comedy,",Breanna,18+,"2,227",7.4
876,877,Eagles,2019,42 m,"Drama,",Adrian,16,"6,417",8.5
877,878,Infinity Train I,2019,60 m,"Animation,",Ashley,18+,"4,384",6.8
878,879,Star,2016,60 m,"Drama,",Jude,18,"6,690",8.5
879,880,Love Hate,2010,30 m,"Crime,",Tom,18+,"7,774",6.7
880,881,Rosewood,2015,3 m,"Crime,",Morris,16,"4,780",8.2
881,882,Ubice mog oca,2016,30 m,"Action,",Vuk,18+,"4,024",6.9
882,883,Snatch,2017,42 m,"Comedy,",Rupert,16,"6,776",7.0
883,884,Trophy Wife,2013,42 m,Comedy,Malin,18+,"10,080",7.1
884,885,Man with a Plan,2016,120 m,Comedy,Matt,16,"8,483",7.2
885,886,Masterchef II,2010,60 m,"Game-Show,",Gordon,18+,"11,694",8.1
886,887,Code Black,2015,44 m,Drama,Marcia,15+,"2,812",7.4
887,888,Mucize Doktor,2019,18 m,Drama,Taner,18+,"3,215",5.1
888,889,Love Island,2015,22 m,"Reality-TV,",Iain,18,"15,838",7.7
889,890,The Finder,2012,30 m,"Comedy,",Geoff,18+,"2,002",7.3
890,891,T gged,2016,70 m,Thriller,Lulu,7,"5,587",6.6
891,892,Kickin It,2011,21 m,"Action,",Leo,18+,"1,899",6.4
892,893,The Next Step,2013,22 m,"Drama,",Victoria,18,"5,389",9.2
893,894,Naui Ajusshi,2018,60 m,"Drama,",Sun-kyun,18+,"5,585",8.5
894,895,This Country,2017,30 m,Comedy,Daisy,18,"2,836",7.0
895,896,Sofia the First,2012,30 m,"Animation,",Ariel,18+,"7,555",7.6
896,897,Hap and Leonard,2016,24 m,"Crime,",James,18+,839,7.6
897,898,Mystery,101,30 m,"Crime,",Jill,18+,"7,231",7.5
898,899,Crashing,2017,30 m,"Comedy,",Pete,16,"14,593",8.0
899,900,We Bare Bears,2014,30 m,"Animation,",Eric,18+,"4,255",6.6
900,901,The New Legends of Monkey,2018,60 m,"Action,",Chai,Not Rated,"24,825",6.1
901,902,Dear White People,2017,40 m,"Comedy,",Logan,18+,"2,005",6.5
902,903,The Lion Guard,2015,38 m,"Animation,",Max,18,"3,858",6.8
903,904,Bless This Mess,2019,24 m,Comedy,Dax,18+,"3,504",7.5
904,905,Nae Aidineun Gangnammiin,2018,45 m,"Comedy,",Soo-hyang,UA 13+,"8,752",8.1
905,906,Rita,2012,42 m,"Comedy,",Mille,18+,"2,711",7.8
906,907,Rust Valley Restorers,2018,11 m,Documentary,Michael,18,"6,264",8.4
907,908,Saiki Kusuo no Psi Nan,2016,22 m,"Animation,",Hiroshi,18+,"6,828",8.7
908,909,Shtisel,2013,52 m,Drama,Doval'e,16,"2,423",4.5
909,910,Sister Wives,2010,40 m,Reality-TV,Meri,18+,"16,821",8.7
910,911,The Eric Andre Show,2012,45 m,Comedy,Eric,18,"1,381",8.1
911,912,South Side,2019,60 m,Comedy,Sultan,18+,"7,066",7.0
912,913,Le chalet,2017,55 m,"Drama,",Chloé,18,"21,314",7.2
913,914,The Gift,2019,50 m,"Drama,",Beren,18+,"1,383",8.7
914,915,Escape to the Chateau,2016,22 m,Documentary,Tracy,18,"23,755",6.5
915,916,Camelot,2011,43 m,"Drama,",Joseph,18+,"5,790",7.0
916,917,The Romanoffs,2018,70 m,Drama,Diane,18,"8,472",7.8
917,918,Manhattan,2014,60 m,"Drama,",Rachel,18+,"12,594",7.7
918,919,Magic City,2012,60 m,"Crime,",Jeffrey,13+,"20,413",7.8
919,920,Portlandia,2011,45 m,Comedy,Fred,18+,"1,513",5.3
920,921,Mountain Monsters,2013,24 m,Reality-TV,Jacob,PG,"1,189",7.0
921,922,Ildan Ddeugeobge Chungsohara,2017,57 m,"Comedy,",Yoon,18+,"4,845",8.5
922,923,Pablo Escobar El Patr n del Mal,2012,42 m,"Biography,",Cecilia,UA 16+,"12,987",5.8
923,924,Nightflyers,2018,30 m,"Drama,",Eoin,18+,"8,579",7.0
924,925,Parfum,2018,18 m,"Drama,",Friederike,18,"7,403",7.5
925,926,Dungeon ni Deai wo Motomeru no wa Machigatteiru Darou ka,2015,45 m,"Animation,",Luci,18+,"4,271",8.1
926,927,The Doctor Blake Mysteries,2013,22 m,"Crime,",Nadine,7,"3,348",6.2
927,928,The Haves and the Have Nots,2013,60 m,"Crime,",Tika,18+,"2,555",5.6
928,929,Heathers,2018,45 m,"Comedy,",Grace,18,103,6.7
929,930,Nude Interviews,2011,30 m,Talk-Show,"Dannii,",18+,"46,974",7.5
930,931,The Secret Circle,2011,60 m,"Drama,",Britt,18,"5,052",8.3
931,932,Banana Fish,2018,30 m,"Animation,",Yoshimasa,18+,"8,073",8.3
932,933,Pooreun Badaui Junsul,2016,24 m,"Comedy,",Jun,16,"4,224",9.0
933,934,Besa,2018,23 m,"Crime,",Radivoje,18+,"5,456",8.0
934,935,Brockmire,2017,24 m,"Comedy,",Hank,18,"4,001",7.9
935,936,Taineun Jiokida,2019,52 m,"Crime,",Si-wan,18+,686,5.4
936,937,Chemistry,2011,60 m,"Comedy,",Jonathan,16,"12,328",8.3
937,938,Fate Zero,2011,30 m,"Animation,",Ayako,18+,"9,095",7.8
938,939,Beastars,2019,22 m,"Animation,",Chikahiro,18,"7,731",8.3
939,940,Kuroko no basuke,2012,60 m,"Animation,",Kenshô,18+,"2,559",7.8
940,941,Jack Irish,2016,41 m,"Crime,",Guy,18,"11,496",7.8
941,942,The Paradise,2012,60 m,Drama,Joanna,18+,"2,318",7.3
942,943,The Worst Witch,2017,30 m,"Family,",Raquel,A,"5,970",8.3
943,944,Dragons Race to the Edge,2015,43 m,"Animation,",Jay,18+,"1,568",6.7
944,945,Bloom,2019,60 m,"Drama,",Bryan,16,"5,706",6.2
945,946,Somewhere Between,2017,42 m,"Drama,",Paula,18+,"1,754",6.6
946,947,Jersey Shore Family Vacation,2018,11 m,Reality-TV,Paul,18,"1,954",6.3
947,948,Stuck in the Middle,2016,23 m,"Comedy,",Jenna,18+,385,5.9
948,949,Summer House,2017,22 m,Reality-TV,Lindsay,18,"8,753",7.3
949,950,The Path,2016,60 m,Drama,Aaron,18+,910,7.9
950,951,When Hope Calls,2019,45 m,"Drama,",Morgan,UA 13+,"16,803",7.7
951,952,Graceland,2013,325 m,"Action,",Daniel,18+,448,7.3
952,953,Blippi,2014,43 m,Family,Stevin,18,"7,416",7.0
953,954,Avengers Assemble,2012,45 m,"Animation,",Roger,18+,795,5.7
954,955,Blaze and the Monster Machines,2014,90 m,"Animation,",Nolan,18,"2,395",6.8
955,956,The Dead Files,2011,60 m,"Comedy,",Amy,18+,"4,092",7.1
956,957,Northern Rescue,2019,60 m,"Drama,",William,18,"9,011",8.4
957,958,Made in Abyss,2017,60 m,"Animation,",Miyu,18+,"35,510",7.3
958,959,The Tomorrow People,2013,21 m,"Action,",Robbie,16,"11,378",8.1
959,960,Inside Edge,2017,24 m,"Drama,",Tanuj,18+,"23,487",6.8
960,961,Dominion,2014,181 m,"Action,",Christopher,16,"5,273",7.7
961,962,Queen Sugar,2016,30 m,Drama,Rutina,18+,"11,480",7.3
962,963,The Passage,2019,60 m,"Action,",Mark-Paul,A,"13,751",7.7
963,964,Franklin Bash,2011,60 m,"Comedy,",Mark-Paul,18+,"2,895",8.0
964,965,Detroiters,2017,60 m,Comedy,Sam,16,"9,555",7.9
965,966,Kono subarashii sekai ni shukufuku o,2016,42 m,"Animation,",Jun,18+,"3,103",6.7
966,967,Cheat,2019,60 m,Thriller,Katherine,7,"2,664",6.5
967,968,Limetown,2019,30 m,"Crime,",Jessica,18+,"3,002",6.6
968,969,Traitors,2019,60 m,Thriller,Emma,A,"8,087",7.6
969,970,Damnation,2017,30 m,"Crime,",Logan,18+,"7,778",6.9
970,971,I Am the Night,2019,44 m,"Crime,",Chris,18,"11,650",6.6
971,972,The Client List,2011,1 m,"Crime,",Jennifer,18+,"10,214",8.4
972,973,Gran Hotel,2011,30 m,"Crime,",Adriana,18,"1,121",7.4
973,974,Driven,2018,42 m,Romance,Olivia,18+,"7,668",8.5
974,975,Yeokdoyojeong Gim Bokju,2016,30 m,"Comedy,",Lee,18,"20,187",6.9
975,976,Friends from College,2017,90 m,"Comedy,",Keegan-Michael,18+,"2,104",7.2
976,977,Are You Afraid of the Dark,2019,46 m,"Adventure,",Bryce,18,91,7.5
977,978,The Daily Bugle,2019,44 m,"Short,",Angourie,18+,"3,666",6.9
978,979,Splitting Up Together,2018,30 m,Comedy,Jenna,13,"3,450",8.3
979,980,Forged in Fire,2015,42 m,"Game-Show,",David,18+,"1,562",6.0
980,981,Femme Fatales,2011,30 m,"Crime,",Tanit,7,"3,468",7.4
981,982,Kurt Seyit ve Sura,2014,30 m,"Drama,",Kivanç,18+,964,6.8
982,983,Stella Bl mkvist,2017,30 m,"Crime,",Heida,16,"3,599",6.6
983,984,Ransom,2017,24 m,"Action,",Luke,18+,"9,940",6.8
984,985,Disjointed,2017,24 m,Comedy,Kathy,13,"3,502",6.1
985,986,The Slap,2015,50 m,Drama,Brian,18+,"10,938",7.4
986,987,White Gold,2017,85 m,Comedy,Ed,All,"3,336",6.2
987,988,Now Apocalypse,2019,120 m,Comedy,Avan,18+,"1,054",6.3
988,989,Beat Bobby Flay,2013,60 m,Reality-TV,Bobby,16,"3,958",7.8
989,990,Go Toubun no Hanayome,2019,120 m,"Animation,",Yoshitsugu,18+,"6,023",8.0
990,991,Yahari ore no seishun rabukome wa machigatteiru,2013,43 m,"Animation,",Cat,16,"14,853",8.2
991,992,Criminal Justice,2019,29 m,"Crime,",Vikrant,18+,"1,626",6.6
992,993,My lb Life,600,24 m,Reality-TV,Younan,7,"2,724",7.0
993,994,Bizim Hikaye,2017,50 m,"Comedy,",Hazal,18+,"5,512",7.0
994,995,The Good Cop,2018,40 m,"Comedy,",Tony,7,"1,587",7.3
995,996,Avlu,2018,40 m,"Crime,",Demet,18+,"1,139",3.3
996,997,The Real Housewives of Miami,2011,40 m,Reality-TV,Adriana,18,"4,124",7.0
997,998,Sweetbitter,2018,40 m,Drama,Ella,18+,"1,472",6.5
998,999,Bubble Guppies,2011,40 m,"Animation,",Brianna,13,"18,385",8.5
999,"1,000",Delhi Crime,000,40 m,"Crime,",Shefali,18+,"102,520",7.6
